ID;Civilité;Prénom;Nom;Email;Téléphone;Adresse;Commune;Code Postal;Statut;Tranche âge;Besoin identifié;Segment emailing;Score priorité;Statut campagne;Email envoyé;Ouvert;Cliqué;Répondu;Notes
LEAD-085;Mme;Catherine;Perrin;c.perrin@yahoo.fr;07 19 92 21 88;77 Montée du Lavoir, 69640 Denicé;Denicé;69640;Propriétaire maison de village;30-40 ans;Rénovation cuisine bois;Menuiseries extérieures;99;À contacter;Non;;;;
LEAD-104;M.;Robert;Lambert;robertlambert@orange.fr;07 21 97 50 95;45 Avenue Voltaire, 69600 Oullins;Oullins;69600;Propriétaire maison ancienne;50-60 ans;Restauration parquet ancien;Sur mesure / dressing;99;À contacter;Non;;;;
LEAD-148;M.;Julien;Sanchez;julien.sanchez82@gmail.com;07 39 55 80 58;56 Chemin des Amandiers, 69620 Sainte-Paule;Sainte-Paule;69620;Propriétaire duplex;60-70 ans;Claustra / séparation bois;Rénovation intérieure;99;À contacter;Non;;;;
LEAD-165;Mme;Agnès;Renard;agnes57@outlook.fr;06 44 79 56 79;106 Rue des Acacias, 69620 Ternand;Ternand;69620;Propriétaire appartement;60-70 ans;Restauration parquet ancien;Rénovation intérieure;99;À contacter;Non;;;;
LEAD-232;Mme;Christelle;Roy;christelle.roy@gmail.com;06 43 93 50 11;91 Montée de la Source, 69620 Theizé;Theizé;69620;Propriétaire maison de village;45-55 ans;Porte coulissante sur mesure;Aménagement rangement;99;À contacter;Non;;;;
LEAD-248;Mme;Nicole;Caron;caron.nicole@laposte.net;07 58 24 59 42;70 Allée du Marché, 69630 Chaponost;Chaponost;69630;Propriétaire loft;55-65 ans;Terrasse bois;Restauration / ancien;99;À contacter;Non;;;;
LEAD-252;Mme;Catherine;Lopez;c.lopez@gmail.com;06 46 66 58 60;106 Rue du 8 Mai 1945, 69620 Chamelet;Chamelet;69620;Propriétaire maison de village;45-55 ans;Restauration volets bois;Sur mesure / dressing;99;À contacter;Non;;;;
LEAD-257;Mme;Aurélie;Roy;a.roy@yahoo.fr;07 80 23 32 92;78 Avenue de Lyon, 69640 Denicé;Denicé;69640;Propriétaire maison de village;45-55 ans;Remplacement fenêtres bois;Parquet & sol bois;99;À contacter;Non;;;;
LEAD-267;Mme;Mélanie;Picard;melanie.picard@outlook.fr;06 71 94 26 87;70 Rue des Amandiers, 69005 Lyon 5ème;Lyon 5ème;69005;Propriétaire villa;60-70 ans;Banquette sur mesure;Parquet & sol bois;99;À contacter;Non;;;;
LEAD-269;Mme;Marie;Gaillard;marie.gaillard67@gmail.com;06 98 50 62 56;14 Chemin de la Liberté, 69620 Saint-Vérand;Saint-Vérand;69620;Propriétaire maison de village;50-60 ans;Banquette sur mesure;Parquet & sol bois;99;À contacter;Non;;;;
LEAD-281;Mme;Béatrice;Lefebvre;beatricelefebvre@sfr.fr;07 40 44 70 88;44 Boulevard des Vignes, 69620 Sainte-Paule;Sainte-Paule;69620;Propriétaire villa;45-55 ans;Habillage mural bois;Menuiseries extérieures;99;À contacter;Non;;;;
LEAD-131;Mme;Sylvie;Leroy;sylvieleroy@gmail.com;06 92 92 63 57;115 Place des Acacias, 69640 Lacenas;Lacenas;69640;Propriétaire villa;35-45 ans;Pose de portes intérieures;Aménagement rangement;97;À contacter;Non;;;;
LEAD-012;Mme;Sylvie;Legrand;sylvie54@gmail.com;06 45 95 72 37;70 Chemin de la Source, 69009 Lyon 9ème;Lyon 9ème;69009;Propriétaire villa;45-55 ans;Claustra / séparation bois;Menuiseries extérieures;96;À contacter;Non;;;;
LEAD-047;Mme;Valérie;Morel;valeriemorel@orange.fr;06 62 67 98 86;61 Allée Victor Hugo, 69760 Limonest;Limonest;69760;Propriétaire maison ancienne;50-60 ans;Porte d'entrée bois sur mesure;Aménagement rangement;95;À contacter;Non;;;;
LEAD-096;Mme;Hélène;Gaillard;helene.gaillard@orange.fr;07 40 83 63 33;86 Avenue de la Côte, 69760 Limonest;Limonest;69760;Propriétaire maison;30-40 ans;Aménagement combles;Menuiseries extérieures;95;À contacter;Non;;;;
LEAD-110;M.;Vincent;Gérard;vincent.gerard@yahoo.fr;06 66 63 71 69;27 Boulevard Marcel Pagnol, 69470 Cours;Cours;69470;Propriétaire maison ancienne;55-65 ans;Remplacement fenêtres bois;Aménagement rangement;95;À contacter;Non;;;;
LEAD-039;M.;Dominique;Fontaine;dominique.fontaine91@yahoo.fr;06 76 93 44 88;104 Montée du 8 Mai 1945, 69510 Thurins;Thurins;69510;Propriétaire villa;50-60 ans;Rénovation cuisine bois;Parquet & sol bois;94;À contacter;Non;;;;
LEAD-124;M.;Frédéric;Robert;f.robert@hotmail.fr;06 11 48 82 87;14 Boulevard du Commerce, 69115 Chiroubles;Chiroubles;69115;Propriétaire duplex;65-75 ans;Rénovation cuisine bois;Sur mesure / dressing;94;À contacter;Non;;;;
LEAD-188;Mme;Brigitte;Roux;brigitteroux@gmail.com;07 69 50 62 25;69 Boulevard Gambetta, 01600 Massieux;Massieux;01600;Propriétaire maison ancienne;65-75 ans;Rénovation cuisine bois;Parquet & sol bois;94;À contacter;Non;;;;
LEAD-062;Mme;Charlotte;Muller;muller.charlotte@outlook.com;06 87 73 46 39;78 Boulevard de la Paix, 69002 Lyon 2ème;Lyon 2ème;69002;Propriétaire appartement;50-60 ans;Banquette sur mesure;Aménagement rangement;93;À contacter;Non;;;;
LEAD-075;Mme;Delphine;Schmitt;d.schmitt@free.fr;06 83 74 37 29;85 Route de la Paix, 69007 Lyon 7ème;Lyon 7ème;69007;Propriétaire maison ancienne;55-65 ans;Placards encastrés;Rénovation intérieure;93;À contacter;Non;;;;
LEAD-094;Mme;Sandrine;Baron;sandrine.baron@free.fr;07 70 99 27 70;58 Passage de la République, 69290 Grézieu-la-Varenne;Grézieu-la-Varenne;69290;Propriétaire maison;50-60 ans;Création dressing sur mesure;Sur mesure / dressing;93;À contacter;Non;;;;
LEAD-227;M.;Sébastien;Perrot;sebastienperrot@laposte.net;07 23 75 89 25;37 Avenue des Lilas, 69220 Belleville-en-Beaujolais;Belleville-en-Beaujolais;69220;Propriétaire appartement;45-55 ans;Habillage mural bois;Parquet & sol bois;93;À contacter;Non;;;;
LEAD-256;M.;Daniel;Moulin;danielmoulin@free.fr;07 50 64 31 10;41 Impasse de la Paix, 69290 Pollionnay;Pollionnay;69290;Propriétaire duplex;60-70 ans;Étagères murales sur mesure;Parquet & sol bois;93;À contacter;Non;;;;
LEAD-038;Mme;Nicole;Michel;nicole.michel@free.fr;06 54 78 64 94;48 Avenue du Panorama, 69890 La Tour-de-Salvagny;La Tour-de-Salvagny;69890;Propriétaire maison ancienne;30-40 ans;Banquette sur mesure;Menuiseries extérieures;92;À contacter;Non;;;;
LEAD-050;Mme;Monique;Marchand;marchand.monique@outlook.com;07 83 15 32 70;67 Route de Lyon, 69250 Montanay;Montanay;69250;Propriétaire maison de village;60-70 ans;Restauration volets bois;Aménagement rangement;92;À contacter;Non;;;;
LEAD-117;M.;Christian;Collet;christian.collet4@laposte.net;07 93 84 83 39;93 Rue des Noyers, 69870 Lamure-sur-Azergues;Lamure-sur-Azergues;69870;Propriétaire appartement;60-70 ans;Habillage mural bois;Sur mesure / dressing;92;À contacter;Non;;;;
LEAD-120;Mme;Nicole;Muller;n.muller@free.fr;06 98 72 50 71;45 Montée de Lyon, 69270 Fontaines-Saint-Martin;Fontaines-Saint-Martin;69270;Propriétaire maison;60-70 ans;Parquet chêne collé;Menuiseries extérieures;92;À contacter;Non;;;;
LEAD-141;M.;Guillaume;Caron;caron.guillaume@hotmail.fr;07 31 27 79 72;24 Montée du Pré, 69380 Dommartin;Dommartin;69380;Propriétaire maison de village;30-40 ans;Pose parquet massif;Rénovation intérieure;92;À contacter;Non;;;;
LEAD-153;Mme;Claire;Roux;claireroux@free.fr;07 50 32 60 50;38 Route de la Source, 69470 Cours;Cours;69470;Propriétaire maison ancienne;60-70 ans;Porte d'entrée bois sur mesure;Parquet & sol bois;92;À contacter;Non;;;;
LEAD-210;M.;Didier;Robert;didier59@wanadoo.fr;07 14 60 52 98;31 Rue du 8 Mai 1945, 69330 Meyzieu;Meyzieu;69330;Propriétaire maison ancienne;30-40 ans;Rénovation escalier bois;Parquet & sol bois;92;À contacter;Non;;;;
LEAD-274;M.;Laurent;Laurent;laurent.laurent46@sfr.fr;07 85 35 76 11;95 Avenue de la Gare, 69170 Tarare;Tarare;69170;Propriétaire maison ancienne;55-65 ans;Restauration parquet ancien;Parquet & sol bois;92;À contacter;Non;;;;
LEAD-275;Mme;Claire;Dupont;c.dupont@sfr.fr;06 62 74 23 81;10 Montée du Commerce, 69460 Vaux-en-Beaujolais;Vaux-en-Beaujolais;69460;Propriétaire maison;50-60 ans;Bibliothèque sur mesure;Restauration / ancien;92;À contacter;Non;;;;
LEAD-289;Mme;Élisabeth;Girard;e.girard@gmail.com;07 69 79 44 80;57 Chemin Jean Moulin, 69004 Lyon 4ème;Lyon 4ème;69004;Propriétaire appartement;65-75 ans;Restauration parquet ancien;Aménagement rangement;92;À contacter;Non;;;;
LEAD-005;Mme;Nicole;Morel;morel.nicole@sfr.fr;06 97 51 17 39;106 Rue des Cerisiers, 69640 Denicé;Denicé;69640;Propriétaire maison ancienne;35-45 ans;Pose de portes intérieures;Sur mesure / dressing;91;À contacter;Non;;;;
LEAD-022;Mme;Christelle;Richard;christellerichard@sfr.fr;06 95 23 55 81;114 Place Antoine de Saint-Exupéry, 69870 Lamure-sur-Azergues;Lamure-sur-Azergues;69870;Propriétaire appartement;45-55 ans;Porte coulissante sur mesure;Sur mesure / dressing;91;À contacter;Non;;;;
LEAD-099;Mme;Brigitte;Henry;b.henry@gmail.com;06 57 65 61 66;115 Place du Beaujolais, 69400 Gleizé;Gleizé;69400;Propriétaire villa;65-75 ans;Restauration volets bois;Parquet & sol bois;91;À contacter;Non;;;;
LEAD-155;Mme;Véronique;Baron;veronique78@sfr.fr;07 84 61 78 74;119 Place des Champs, 69430 Régnié-Durette;Régnié-Durette;69430;Propriétaire loft;55-65 ans;Pose parquet massif;Aménagement rangement;91;À contacter;Non;;;;
LEAD-182;Mme;Michèle;Marchand;michele97@gmail.com;06 15 11 41 15;61 Boulevard du Lavoir, 69380 Lozanne;Lozanne;69380;Propriétaire appartement;30-40 ans;Remplacement fenêtres bois;Restauration / ancien;91;À contacter;Non;;;;
LEAD-241;M.;Marc;Rey;marcrey@orange.fr;07 24 55 81 71;75 Passage de la Colline, 69400 Arnas;Arnas;69400;Propriétaire villa;50-60 ans;Étagères murales sur mesure;Menuiseries extérieures;91;À contacter;Non;;;;
LEAD-282;M.;François;Gérard;francoisgerard@yahoo.fr;06 22 44 40 81;56 Place du Château, 69170 Tarare;Tarare;69170;Propriétaire loft;40-50 ans;Remplacement fenêtres bois;Menuiseries extérieures;91;À contacter;Non;;;;
LEAD-285;M.;Jean-Marc;André;jeanmarc93@sfr.fr;07 67 20 58 88;37 Route des Glycines, 69240 Thizy-les-Bourgs;Thizy-les-Bourgs;69240;Propriétaire loft;40-50 ans;Remplacement fenêtres bois;Aménagement rangement;91;À contacter;Non;;;;
LEAD-055;M.;Christian;Gauthier;gauthier.christian@wanadoo.fr;07 85 84 94 72;111 Chemin des Acacias, 69620 Chamelet;Chamelet;69620;Propriétaire villa;55-65 ans;Restauration parquet ancien;Parquet & sol bois;90;À contacter;Non;;;;
LEAD-068;Mme;Nicole;Fontaine;n.fontaine@sfr.fr;06 60 45 34 25;109 Route de la Gare, 69120 Vaulx-en-Velin;Vaulx-en-Velin;69120;Propriétaire appartement;30-40 ans;Plan de travail bois massif;Rénovation intérieure;90;À contacter;Non;;;;
LEAD-169;M.;Fabrice;Laurent;laurent.fabrice@hotmail.com;07 68 72 51 84;1 Avenue Émile Zola, 69910 Morgon;Morgon;69910;Propriétaire duplex;55-65 ans;Banquette sur mesure;Rénovation intérieure;90;À contacter;Non;;;;
LEAD-297;M.;David;Roy;david.roy@free.fr;06 24 40 91 65;42 Rue de la Mairie, 69510 Thurins;Thurins;69510;Propriétaire maison de village;35-45 ans;Rénovation escalier bois;Menuiseries extérieures;90;À contacter;Non;;;;
LEAD-029;Mme;Brigitte;Vincent;brigitte80@gmail.com;06 68 63 90 83;25 Place des Platanes, 69004 Lyon 4ème;Lyon 4ème;69004;Propriétaire appartement;40-50 ans;Pose de portes intérieures;Aménagement rangement;89;À contacter;Non;;;;
LEAD-083;M.;Jean-Claude;Mallet;mallet.jeanclaude@sfr.fr;06 40 23 28 42;26 Chemin Marcel Pagnol, 69230 Saint-Genis-Laval;Saint-Genis-Laval;69230;Propriétaire loft;35-45 ans;Remplacement fenêtres bois;Sur mesure / dressing;89;À contacter;Non;;;;
LEAD-091;Mme;Julie;Marchand;j.marchand@wanadoo.fr;07 39 78 40 49;104 Route du Château, 69380 Lozanne;Lozanne;69380;Propriétaire duplex;65-75 ans;Aménagement combles;Menuiseries extérieures;89;À contacter;Non;;;;
LEAD-181;M.;Pierre;Clément;p.clement@wanadoo.fr;06 73 68 75 56;8 Route de la Source, 69430 Régnié-Durette;Régnié-Durette;69430;Propriétaire maison ancienne;40-50 ans;Restauration volets bois;Parquet & sol bois;89;À contacter;Non;;;;
LEAD-295;M.;Michel;Clément;michel.clement8@orange.fr;06 79 70 33 34;115 Allée du Lavoir, 69200 Vénissieux;Vénissieux;69200;Propriétaire maison;45-55 ans;Rénovation menuiseries intérieures;Menuiseries extérieures;89;À contacter;Non;;;;
LEAD-010;Mme;Michèle;Simon;michele98@hotmail.fr;06 26 94 70 80;22 Allée de la Côte, 69200 Vénissieux;Vénissieux;69200;Propriétaire villa;45-55 ans;Tête de lit sur mesure bois;Restauration / ancien;88;À contacter;Non;;;;
LEAD-058;M.;Vincent;Barbier;vincent.barbier81@free.fr;06 89 18 40 90;88 Allée de la Paix, 69840 Juliénas;Juliénas;69840;Propriétaire maison;60-70 ans;Porte coulissante sur mesure;Rénovation intérieure;88;À contacter;Non;;;;
LEAD-071;M.;Jean-Pierre;Rivière;jeanpierre64@yahoo.fr;06 94 76 48 68;83 Rue Jean Jaurès, 69300 Caluire-et-Cuire;Caluire-et-Cuire;69300;Propriétaire loft;60-70 ans;Habillage mural bois;Menuiseries extérieures;88;À contacter;Non;;;;
LEAD-140;Mme;Isabelle;Renard;isabelle66@orange.fr;07 47 29 35 52;30 Place de la Source, 69370 Saint-Didier-au-Mont-d'Or;Saint-Didier-au-Mont-d'Or;69370;Propriétaire villa;55-65 ans;Porte d'entrée bois sur mesure;Parquet & sol bois;88;À contacter;Non;;;;
LEAD-242;Mme;Sandrine;Thomas;sandrine.thomas@orange.fr;06 44 30 46 97;33 Chemin Jean Jaurès, 69840 Juliénas;Juliénas;69840;Propriétaire loft;50-60 ans;Étagères murales sur mesure;Sur mesure / dressing;88;À contacter;Non;;;;
LEAD-133;Mme;Patricia;Dupont;patricia.dupont5@gmail.com;06 40 36 18 22;77 Rue des Acacias, 69380 Lozanne;Lozanne;69380;Propriétaire duplex;30-40 ans;Tête de lit sur mesure bois;Sur mesure / dressing;87;À contacter;Non;;;;
LEAD-179;M.;Alexandre;Rey;alexandre.rey40@gmail.com;06 17 41 21 65;15 Route Antoine de Saint-Exupéry, 69510 Yzeron;Yzeron;69510;Propriétaire maison;50-60 ans;Tête de lit sur mesure bois;Aménagement rangement;87;À contacter;Non;;;;
LEAD-219;M.;Laurent;Guillot;laurent.guillot38@orange.fr;06 43 81 33 97;116 Boulevard du Pré, 69270 Fontaines-Saint-Martin;Fontaines-Saint-Martin;69270;Propriétaire appartement;55-65 ans;Création dressing sur mesure;Sur mesure / dressing;87;À contacter;Non;;;;
LEAD-229;M.;Jacques;Mallet;jacquesmallet@gmail.com;07 47 43 69 16;13 Chemin Victor Hugo, 69100 Villeurbanne;Villeurbanne;69100;Propriétaire maison ancienne;55-65 ans;Parquet chêne collé;Menuiseries extérieures;87;À contacter;Non;;;;
LEAD-087;M.;Laurent;Fontaine;l.fontaine@free.fr;06 90 92 52 18;43 Avenue Voltaire, 69430 Beaujeu;Beaujeu;69430;Propriétaire villa;50-60 ans;Plan de travail bois massif;Parquet & sol bois;86;À contacter;Non;;;;
LEAD-118;M.;Michel;Gaillard;michel.gaillard25@gmail.com;07 63 29 62 98;27 Place du Panorama, 69890 La Tour-de-Salvagny;La Tour-de-Salvagny;69890;Propriétaire maison de village;65-75 ans;Verrière bois;Aménagement rangement;86;À contacter;Non;;;;
LEAD-162;Mme;Christelle;Morin;christellemorin@wanadoo.fr;07 98 28 75 59;54 Passage du Stade, 69600 Oullins;Oullins;69600;Propriétaire villa;60-70 ans;Claustra / séparation bois;Sur mesure / dressing;86;À contacter;Non;;;;
LEAD-185;M.;Fabrice;Lambert;fabricelambert@outlook.fr;06 62 13 39 79;45 Rue du Beaujolais, 69380 Châtillon;Châtillon;69380;Propriétaire loft;60-70 ans;Rénovation menuiseries intérieures;Aménagement rangement;86;À contacter;Non;;;;
LEAD-211;M.;Pascal;Muller;p.muller@gmail.com;07 51 44 63 87;83 Avenue du Château, 69620 Theizé;Theizé;69620;Propriétaire appartement;60-70 ans;Rénovation cuisine bois;Aménagement rangement;86;À contacter;Non;;;;
LEAD-224;M.;Pascal;Roussel;p.roussel@hotmail.com;07 97 27 53 72;46 Impasse de la Mairie, 69460 Vaux-en-Beaujolais;Vaux-en-Beaujolais;69460;Propriétaire maison;45-55 ans;Pose de portes intérieures;Sur mesure / dressing;86;À contacter;Non;;;;
LEAD-264;Mme;Michèle;Rivière;michele.riviere@orange.fr;06 17 31 43 33;67 Place Marcel Pagnol, 69290 Craponne;Craponne;69290;Propriétaire duplex;30-40 ans;Claustra / séparation bois;Aménagement rangement;86;À contacter;Non;;;;
LEAD-265;M.;Marc;Simon;marc.simon78@yahoo.fr;06 38 62 86 28;102 Passage des Vignes, 69410 Champagne-au-Mont-d'Or;Champagne-au-Mont-d'Or;69410;Propriétaire duplex;50-60 ans;Tête de lit sur mesure bois;Sur mesure / dressing;86;À contacter;Non;;;;
LEAD-017;M.;Vincent;Garnier;vincent65@gmail.com;06 89 20 63 94;75 Passage de la Côte, 69910 Morgon;Morgon;69910;Propriétaire maison ancienne;45-55 ans;Bibliothèque sur mesure;Aménagement rangement;85;À contacter;Non;;;;
LEAD-098;M.;Frédéric;Rey;fredericrey@hotmail.fr;06 68 14 47 35;6 Impasse Victor Hugo, 69640 Denicé;Denicé;69640;Propriétaire maison ancienne;60-70 ans;Bibliothèque sur mesure;Restauration / ancien;85;À contacter;Non;;;;
LEAD-168;M.;Christophe;Hubert;c.hubert@wanadoo.fr;06 96 60 72 28;74 Allée des Glycines, 69160 Tassin-la-Demi-Lune;Tassin-la-Demi-Lune;69160;Propriétaire villa;65-75 ans;Meuble de rangement intégré;Rénovation intérieure;85;À contacter;Non;;;;
LEAD-288;M.;Didier;Giraud;didier75@gmail.com;06 23 43 89 29;11 Place de la Fontaine, 69007 Lyon 7ème;Lyon 7ème;69007;Propriétaire appartement;50-60 ans;Porte d'entrée bois sur mesure;Menuiseries extérieures;85;À contacter;Non;;;;
LEAD-036;Mme;Émilie;Martinez;emilie.martinez@gmail.com;06 35 12 89 29;31 Chemin du 8 Mai 1945, 69290 Grézieu-la-Varenne;Grézieu-la-Varenne;69290;Propriétaire maison;45-55 ans;Plan de travail bois massif;Menuiseries extérieures;84;À contacter;Non;;;;
LEAD-100;M.;Jacques;Colin;jacquescolin@gmail.com;07 51 23 20 51;85 Allée de la Fontaine, 69430 Régnié-Durette;Régnié-Durette;69430;Propriétaire maison de village;60-70 ans;Rénovation cuisine bois;Sur mesure / dressing;84;À contacter;Non;;;;
LEAD-130;Mme;Marine;Gautier;gautier.marine@gmail.com;07 12 60 42 10;96 Impasse des Noyers, 69730 Genay;Genay;69730;Propriétaire maison;60-70 ans;Création dressing sur mesure;Parquet & sol bois;84;À contacter;Non;;;;
LEAD-239;M.;Philippe;Giraud;philippegiraud@outlook.com;06 26 23 59 94;77 Passage des Cerisiers, 69460 Odenas;Odenas;69460;Propriétaire villa;60-70 ans;Terrasse bois;Restauration / ancien;84;À contacter;Non;;;;
LEAD-101;Mme;Florence;Richard;f.richard@sfr.fr;06 19 95 91 61;47 Montée des Amandiers, 69380 Châtillon;Châtillon;69380;Propriétaire maison;40-50 ans;Restauration volets bois;Restauration / ancien;83;À contacter;Non;;;;
LEAD-172;Mme;Christine;Petit;petit.christine@laposte.net;06 64 93 21 22;1 Impasse du 8 Mai 1945, 69115 Chiroubles;Chiroubles;69115;Propriétaire appartement;45-55 ans;Création dressing sur mesure;Restauration / ancien;83;À contacter;Non;;;;
LEAD-174;M.;Jérôme;Roux;jerome83@orange.fr;06 88 93 31 66;45 Impasse des Glycines, 69510 Yzeron;Yzeron;69510;Propriétaire appartement;60-70 ans;Porte coulissante sur mesure;Restauration / ancien;83;À contacter;Non;;;;
LEAD-272;M.;Jean;Laurent;jean.laurent@hotmail.fr;06 43 38 57 20;78 Rue du Lavoir, 69110 Sainte-Foy-lès-Lyon;Sainte-Foy-lès-Lyon;69110;Propriétaire maison de village;50-60 ans;Pose de portes intérieures;Aménagement rangement;83;À contacter;Non;;;;
LEAD-280;M.;Christophe;Petit;christophe.petit@yahoo.fr;07 60 97 32 68;16 Montée Émile Zola, 69250 Neuville-sur-Saône;Neuville-sur-Saône;69250;Propriétaire duplex;30-40 ans;Bibliothèque sur mesure;Rénovation intérieure;83;À contacter;Non;;;;
LEAD-286;M.;Christian;Brun;christian.brun@outlook.com;06 53 39 50 50;84 Allée de Lyon, 69630 Chaponost;Chaponost;69630;Propriétaire duplex;60-70 ans;Tête de lit sur mesure bois;Parquet & sol bois;83;À contacter;Non;;;;
LEAD-003;Mme;Émilie;Maréchal;emilie79@gmail.com;06 58 20 80 47;107 Passage Saint-Antoine, 69400 Villefranche-sur-Saône;Villefranche-sur-Saône;69400;Propriétaire appartement;35-45 ans;Claustra / séparation bois;Rénovation intérieure;82;À contacter;Non;;;;
LEAD-024;M.;Olivier;Martinez;o.martinez@orange.fr;06 45 54 92 75;52 Montée du Beaujolais, 69004 Lyon 4ème;Lyon 4ème;69004;Propriétaire maison;50-60 ans;Rénovation menuiseries intérieures;Sur mesure / dressing;82;À contacter;Non;;;;
LEAD-228;M.;Éric;Lopez;eric.lopez@yahoo.fr;07 36 98 71 52;31 Rue de la République, 69380 Chazay-d'Azergues;Chazay-d'Azergues;69380;Propriétaire maison;35-45 ans;Plan de travail bois massif;Restauration / ancien;82;À contacter;Non;;;;
LEAD-247;Mme;Jacqueline;Gérard;gerard.jacqueline@sfr.fr;07 52 56 47 37;97 Passage de la Côte, 69800 Saint-Priest;Saint-Priest;69800;Propriétaire maison de village;30-40 ans;Habillage mural bois;Rénovation intérieure;82;À contacter;Non;;;;
LEAD-034;Mme;Dominique;Thomas;dominique.thomas86@free.fr;06 69 26 89 78;4 Place des Noyers, 69820 Fleurie;Fleurie;69820;Propriétaire duplex;30-40 ans;Claustra / séparation bois;Rénovation intérieure;81;À contacter;Non;;;;
LEAD-126;Mme;Charlotte;Charpentier;c.charpentier@orange.fr;06 10 43 59 40;58 Allée du Beaujolais, 69120 Vaulx-en-Velin;Vaulx-en-Velin;69120;Propriétaire maison de village;30-40 ans;Parquet chêne collé;Parquet & sol bois;81;À contacter;Non;;;;
LEAD-145;Mme;Pascale;Roche;pascaleroche@laposte.net;06 73 65 92 52;73 Avenue de la Côte, 69008 Lyon 8ème;Lyon 8ème;69008;Propriétaire appartement;45-55 ans;Pose parquet massif;Aménagement rangement;81;À contacter;Non;;;;
LEAD-193;Mme;Patricia;Masson;patricia91@yahoo.fr;06 90 79 12 58;101 Boulevard du 8 Mai 1945, 69130 Écully;Écully;69130;Propriétaire loft;65-75 ans;Restauration parquet ancien;Parquet & sol bois;81;À contacter;Non;;;;
LEAD-233;Mme;Élisabeth;Fabre;fabre.elisabeth@laposte.net;06 71 54 94 96;83 Place de l'Église, 69890 La Tour-de-Salvagny;La Tour-de-Salvagny;69890;Propriétaire maison de village;30-40 ans;Restauration parquet ancien;Rénovation intérieure;81;À contacter;Non;;;;
LEAD-292;Mme;Pascale;Lemaire;lemaire.pascale@wanadoo.fr;07 58 38 43 20;55 Impasse de la Côte, 69115 Chiroubles;Chiroubles;69115;Propriétaire loft;50-60 ans;Verrière bois;Parquet & sol bois;81;À contacter;Non;;;;
LEAD-004;Mme;Laurence;Simon;laurence.simon49@gmail.com;07 30 57 55 36;86 Allée Jean Moulin, 69570 Dardilly;Dardilly;69570;Propriétaire duplex;35-45 ans;Plan de travail bois massif;Restauration / ancien;80;À contacter;Non;;;;
LEAD-046;M.;Christian;Maréchal;christian99@laposte.net;07 67 66 48 85;55 Allée de la Source, 01600 Reyrieux;Reyrieux;01600;Propriétaire maison;35-45 ans;Tête de lit sur mesure bois;Sur mesure / dressing;80;À contacter;Non;;;;
LEAD-106;Mme;Charlotte;Baron;charlotte.baron68@hotmail.fr;06 26 50 92 19;58 Route des Amandiers, 69380 Lozanne;Lozanne;69380;Propriétaire maison ancienne;40-50 ans;Terrasse bois;Restauration / ancien;80;À contacter;Non;;;;
LEAD-178;Mme;Hélène;Boyer;helene90@sfr.fr;06 45 20 49 20;66 Impasse de l'Église, 69430 Régnié-Durette;Régnié-Durette;69430;Propriétaire maison ancienne;60-70 ans;Restauration parquet ancien;Restauration / ancien;80;À contacter;Non;;;;
LEAD-199;M.;Paul;Sanchez;p.sanchez@gmail.com;06 91 82 23 73;19 Boulevard Pasteur, 69730 Genay;Genay;69730;Propriétaire maison ancienne;55-65 ans;Porte d'entrée bois sur mesure;Sur mesure / dressing;80;À contacter;Non;;;;
LEAD-276;M.;David;Fabre;davidfabre@sfr.fr;07 68 97 68 85;111 Rue du 8 Mai 1945, 69460 Saint-Étienne-des-Oullières;Saint-Étienne-des-Oullières;69460;Propriétaire maison ancienne;35-45 ans;Placards encastrés;Menuiseries extérieures;80;À contacter;Non;;;;
LEAD-030;Mme;Sandrine;Denis;sandrine.denis90@orange.fr;06 81 41 25 68;18 Route de la Colline, 69370 Saint-Didier-au-Mont-d'Or;Saint-Didier-au-Mont-d'Or;69370;Propriétaire maison de village;55-65 ans;Terrasse bois;Menuiseries extérieures;79;À contacter;Non;;;;
LEAD-035;Mme;Agnès;Mercier;agnesmercier@wanadoo.fr;07 51 53 58 45;97 Place des Écoles, 69007 Lyon 7ème;Lyon 7ème;69007;Propriétaire villa;30-40 ans;Création dressing sur mesure;Aménagement rangement;79;À contacter;Non;;;;
LEAD-166;M.;Jérôme;Faure;j.faure@gmail.com;06 66 25 40 36;104 Passage Jean Moulin, 69470 Cours;Cours;69470;Propriétaire loft;60-70 ans;Aménagement combles;Sur mesure / dressing;79;À contacter;Non;;;;
LEAD-208;Mme;Véronique;Picard;veronique.picard@free.fr;07 81 60 80 51;110 Allée de la Côte, 69400 Villefranche-sur-Saône;Villefranche-sur-Saône;69400;Propriétaire loft;30-40 ans;Rénovation cuisine bois;Aménagement rangement;79;À contacter;Non;;;;
LEAD-231;M.;Mathieu;Roy;mathieuroy@laposte.net;06 30 23 63 85;62 Passage des Amandiers, 69840 Chénas;Chénas;69840;Propriétaire appartement;60-70 ans;Rénovation cuisine bois;Parquet & sol bois;79;À contacter;Non;;;;
LEAD-235;M.;Paul;Joly;paul.joly@hotmail.fr;07 93 12 23 61;53 Rue Voltaire, 69800 Saint-Priest;Saint-Priest;69800;Propriétaire maison;35-45 ans;Restauration parquet ancien;Restauration / ancien;79;À contacter;Non;;;;
LEAD-025;M.;David;Robert;robert.david@laposte.net;07 65 87 75 24;50 Passage du Château, 69300 Caluire-et-Cuire;Caluire-et-Cuire;69300;Propriétaire maison;60-70 ans;Rénovation escalier bois;Rénovation intérieure;78;À contacter;Non;;;;
LEAD-027;M.;Jean-Luc;Bertrand;bertrand.jeanluc@yahoo.fr;06 88 82 48 61;71 Rue de la Fontaine, 69230 Saint-Genis-Laval;Saint-Genis-Laval;69230;Propriétaire appartement;60-70 ans;Parquet chêne collé;Restauration / ancien;78;À contacter;Non;;;;
LEAD-048;M.;Vincent;Legrand;vincentlegrand@laposte.net;07 24 79 38 92;20 Allée de l'Église, 69400 Villefranche-sur-Saône;Villefranche-sur-Saône;69400;Propriétaire maison;40-50 ans;Création dressing sur mesure;Parquet & sol bois;78;À contacter;Non;;;;
LEAD-147;M.;Yves;Marchand;marchand.yves@free.fr;06 98 20 74 54;7 Avenue de la Liberté, 69270 Couzon-au-Mont-d'Or;Couzon-au-Mont-d'Or;69270;Propriétaire loft;35-45 ans;Porte d'entrée bois sur mesure;Parquet & sol bois;78;À contacter;Non;;;;
LEAD-161;Mme;Stéphanie;Blanc;s.blanc@hotmail.fr;07 88 60 85 24;45 Boulevard Émile Zola, 69126 Brindas;Brindas;69126;Propriétaire appartement;50-60 ans;Tête de lit sur mesure bois;Restauration / ancien;77;À contacter;Non;;;;
LEAD-190;M.;Jean-Luc;Giraud;jeanlucgiraud@gmail.com;06 11 17 38 26;26 Place Saint-Antoine, 69260 Charbonnières-les-Bains;Charbonnières-les-Bains;69260;Propriétaire duplex;35-45 ans;Plan de travail bois massif;Restauration / ancien;77;À contacter;Non;;;;
LEAD-251;M.;Olivier;Blanc;olivier.blanc58@sfr.fr;07 50 12 59 96;16 Montée de la République, 71570 Saint-Amour-Bellevue;Saint-Amour-Bellevue;71570;Propriétaire duplex;35-45 ans;Banquette sur mesure;Aménagement rangement;77;À contacter;Non;;;;
LEAD-270;M.;Paul;Fontaine;paulfontaine@wanadoo.fr;07 80 81 71 32;48 Montée Voltaire, 69630 Chaponost;Chaponost;69630;Propriétaire maison ancienne;50-60 ans;Habillage mural bois;Restauration / ancien;77;À contacter;Non;;;;
LEAD-195;Mme;Sylvie;Martinez;sylviemartinez@sfr.fr;06 85 50 99 55;117 Passage du Marché, 69250 Montanay;Montanay;69250;Propriétaire duplex;55-65 ans;Étagères murales sur mesure;Restauration / ancien;76;À contacter;Non;;;;
LEAD-284;M.;Didier;Brun;d.brun@yahoo.fr;07 56 81 81 42;45 Rue de Verdun, 69120 Vaulx-en-Velin;Vaulx-en-Velin;69120;Propriétaire maison ancienne;45-55 ans;Placards encastrés;Restauration / ancien;76;À contacter;Non;;;;
LEAD-021;Mme;Christelle;Blanchard;christelle78@orange.fr;07 81 11 24 19;114 Chemin des Champs, 69400 Villefranche-sur-Saône;Villefranche-sur-Saône;69400;Propriétaire loft;55-65 ans;Pose parquet massif;Restauration / ancien;75;À contacter;Non;;;;
LEAD-044;Mme;Sophie;Nicolas;sophie.nicolas@outlook.fr;06 80 47 99 26;82 Route des Lilas, 69002 Lyon 2ème;Lyon 2ème;69002;Propriétaire maison de village;50-60 ans;Rénovation menuiseries intérieures;Menuiseries extérieures;75;À contacter;Non;;;;
LEAD-122;M.;Antoine;Garnier;antoinegarnier@gmail.com;06 16 22 62 52;92 Route des Lilas, 69260 Charbonnières-les-Bains;Charbonnières-les-Bains;69260;Propriétaire loft;40-50 ans;Plan de travail bois massif;Rénovation intérieure;75;À contacter;Non;;;;
LEAD-163;M.;Mathieu;Caron;m.caron@outlook.fr;06 33 50 67 89;7 Boulevard de la République, 69330 Meyzieu;Meyzieu;69330;Propriétaire appartement;45-55 ans;Habillage mural bois;Menuiseries extérieures;75;À contacter;Non;;;;
LEAD-213;M.;Romain;Lambert;romain.lambert60@sfr.fr;06 97 13 40 57;63 Passage des Acacias, 69170 Tarare;Tarare;69170;Propriétaire loft;65-75 ans;Restauration volets bois;Restauration / ancien;75;À contacter;Non;;;;
LEAD-253;Mme;Jacqueline;Roussel;roussel.jacqueline@orange.fr;07 11 80 81 28;16 Rue de la République, 69510 Thurins;Thurins;69510;Propriétaire maison de village;60-70 ans;Claustra / séparation bois;Restauration / ancien;75;À contacter;Non;;;;
LEAD-260;Mme;Michèle;Guillot;micheleguillot@hotmail.fr;07 39 18 43 57;30 Rue de la Colline, 69110 Sainte-Foy-lès-Lyon;Sainte-Foy-lès-Lyon;69110;Propriétaire maison de village;55-65 ans;Aménagement sous pente;Menuiseries extérieures;75;À contacter;Non;;;;
LEAD-277;M.;Olivier;Marchand;o.marchand@wanadoo.fr;06 99 43 41 46;12 Place des Amandiers, 69890 La Tour-de-Salvagny;La Tour-de-Salvagny;69890;Propriétaire loft;55-65 ans;Porte coulissante sur mesure;Rénovation intérieure;75;À contacter;Non;;;;
LEAD-296;M.;Nicolas;Robert;nicolas.robert@yahoo.fr;06 70 59 97 49;120 Boulevard de la Mairie, 69310 Pierre-Bénite;Pierre-Bénite;69310;Propriétaire duplex;30-40 ans;Banquette sur mesure;Aménagement rangement;75;À contacter;Non;;;;
LEAD-081;M.;Michel;Lemaire;michel70@yahoo.fr;07 83 61 91 63;38 Avenue des Tilleuls, 69003 Lyon 3ème;Lyon 3ème;69003;Propriétaire maison ancienne;40-50 ans;Rénovation menuiseries intérieures;Restauration / ancien;74;À contacter;Non;;;;
LEAD-095;Mme;Claire;Brunet;c.brunet@gmail.com;06 16 40 63 91;102 Passage Émile Zola, 69430 Régnié-Durette;Régnié-Durette;69430;Propriétaire maison;65-75 ans;Création dressing sur mesure;Restauration / ancien;74;À contacter;Non;;;;
LEAD-070;M.;Pierre;Bertrand;p.bertrand@sfr.fr;06 32 43 16 26;95 Place de la Côte, 69002 Lyon 2ème;Lyon 2ème;69002;Propriétaire duplex;35-45 ans;Placards encastrés;Menuiseries extérieures;73;À contacter;Non;;;;
LEAD-086;M.;Éric;Mathieu;eric.mathieu@hotmail.fr;07 23 53 20 74;83 Chemin Victor Hugo, 69530 Brignais;Brignais;69530;Propriétaire duplex;65-75 ans;Porte d'entrée bois sur mesure;Menuiseries extérieures;73;À contacter;Non;;;;
LEAD-136;M.;Christian;Fournier;christian98@sfr.fr;07 40 38 48 28;104 Route Jean Jaurès, 69470 Cours;Cours;69470;Propriétaire villa;60-70 ans;Restauration parquet ancien;Restauration / ancien;73;À contacter;Non;;;;
LEAD-299;M.;Mathieu;Barbier;m.barbier@orange.fr;07 66 34 12 98;49 Boulevard du Stade, 69300 Caluire-et-Cuire;Caluire-et-Cuire;69300;Propriétaire maison;65-75 ans;Rénovation escalier bois;Aménagement rangement;73;À contacter;Non;;;;
LEAD-300;M.;Jean-Marc;Hubert;jeanmarc61@orange.fr;07 51 69 45 86;118 Montée de la Mairie, 69620 Theizé;Theizé;69620;Propriétaire maison de village;40-50 ans;Création dressing sur mesure;Menuiseries extérieures;73;À contacter;Non;;;;
LEAD-072;Mme;Florence;Moreau;florence.moreau@free.fr;06 45 89 91 84;71 Boulevard du Lavoir, 69200 Vénissieux;Vénissieux;69200;Propriétaire maison de village;50-60 ans;Tête de lit sur mesure bois;Menuiseries extérieures;72;À contacter;Non;;;;
LEAD-082;M.;François;Laurent;francois77@gmail.com;07 77 20 60 49;96 Boulevard de la Paix, 69460 Odenas;Odenas;69460;Propriétaire loft;40-50 ans;Bibliothèque sur mesure;Rénovation intérieure;72;À contacter;Non;;;;
LEAD-115;Mme;Aurélie;Leclerc;aurelie88@orange.fr;07 74 15 15 14;18 Boulevard du 8 Mai 1945, 01480 Jassans-Riottier;Jassans-Riottier;01480;Propriétaire villa;40-50 ans;Terrasse bois;Restauration / ancien;72;À contacter;Non;;;;
LEAD-125;M.;Franck;Dupont;franck.dupont21@free.fr;07 33 11 53 47;73 Impasse des Vignes, 69500 Bron;Bron;69500;Propriétaire loft;60-70 ans;Tête de lit sur mesure bois;Menuiseries extérieures;72;À contacter;Non;;;;
LEAD-177;M.;Gérard;Bertrand;gerard73@outlook.com;06 70 19 12 85;9 Rue des Écoles, 69820 Fleurie;Fleurie;69820;Propriétaire maison;30-40 ans;Aménagement sous pente;Menuiseries extérieures;72;À contacter;Non;;;;
LEAD-007;M.;Christophe;Mallet;christophe.mallet@gmail.com;06 90 30 97 64;77 Avenue du Lavoir, 69620 Ternand;Ternand;69620;Propriétaire maison de village;65-75 ans;Pose de portes intérieures;Restauration / ancien;71;À contacter;Non;;;;
LEAD-142;M.;Jérôme;Martin;jerome.martin@orange.fr;06 11 37 74 68;48 Rue Antoine de Saint-Exupéry, 71570 Saint-Amour-Bellevue;Saint-Amour-Bellevue;71570;Propriétaire duplex;65-75 ans;Banquette sur mesure;Aménagement rangement;71;À contacter;Non;;;;
LEAD-184;M.;Alain;Roger;alain55@free.fr;07 11 57 35 47;73 Allée Antoine de Saint-Exupéry, 69240 Thizy-les-Bourgs;Thizy-les-Bourgs;69240;Propriétaire villa;55-65 ans;Porte d'entrée bois sur mesure;Restauration / ancien;71;À contacter;Non;;;;
LEAD-204;Mme;Delphine;Laurent;delphinelaurent@laposte.net;06 13 36 31 91;38 Avenue du 8 Mai 1945, 69550 Amplepuis;Amplepuis;69550;Propriétaire maison ancienne;60-70 ans;Placards encastrés;Menuiseries extérieures;71;À contacter;Non;;;;
LEAD-209;M.;Christian;Garcia;christian86@orange.fr;06 23 82 22 46;112 Montée des Pins, 69840 Chénas;Chénas;69840;Propriétaire maison ancienne;60-70 ans;Meuble de rangement intégré;Aménagement rangement;71;À contacter;Non;;;;
LEAD-243;M.;André;Joly;andre97@laposte.net;06 92 81 59 40;66 Allée Jean Moulin, 69300 Caluire-et-Cuire;Caluire-et-Cuire;69300;Propriétaire maison;60-70 ans;Plan de travail bois massif;Menuiseries extérieures;71;À contacter;Non;;;;
LEAD-119;Mme;Christelle;Perrot;christelle.perrot42@outlook.fr;07 50 32 68 78;44 Montée des Pins, 69350 La Mulatière;La Mulatière;69350;Propriétaire loft;50-60 ans;Plan de travail bois massif;Restauration / ancien;70;À contacter;Non;;;;
LEAD-127;Mme;Nicole;Durand;nicoledurand@gmail.com;07 97 74 49 98;16 Allée Saint-Antoine, 69126 Brindas;Brindas;69126;Propriétaire appartement;45-55 ans;Tête de lit sur mesure bois;Sur mesure / dressing;70;À contacter;Non;;;;
LEAD-192;Mme;Delphine;André;d.andre@orange.fr;07 29 14 88 89;79 Impasse du Pré, 69400 Gleizé;Gleizé;69400;Propriétaire villa;60-70 ans;Parquet chêne collé;Restauration / ancien;70;À contacter;Non;;;;
LEAD-263;Mme;Claire;Baron;baron.claire@wanadoo.fr;06 71 96 71 71;27 Passage de la Mairie, 69600 Oullins;Oullins;69600;Propriétaire loft;60-70 ans;Banquette sur mesure;Rénovation intérieure;70;À contacter;Non;;;;
LEAD-273;Mme;Sophie;Blanchard;blanchard.sophie@yahoo.fr;07 34 14 86 75;67 Impasse Antoine de Saint-Exupéry, 69620 Ternand;Ternand;69620;Propriétaire duplex;30-40 ans;Restauration volets bois;Parquet & sol bois;70;À contacter;Non;;;;
LEAD-032;M.;Nicolas;Guérin;nicolasguerin@free.fr;06 39 59 98 29;91 Impasse Pasteur, 69480 Anse;Anse;69480;Propriétaire villa;55-65 ans;Meuble de rangement intégré;Restauration / ancien;69;À contacter;Non;;;;
LEAD-093;M.;Franck;Joly;franckjoly@orange.fr;07 54 13 63 16;51 Montée Saint-Antoine, 69620 Létra;Létra;69620;Propriétaire villa;35-45 ans;Porte d'entrée bois sur mesure;Parquet & sol bois;69;À contacter;Non;;;;
LEAD-129;Mme;Pascale;Lucas;pascalelucas@outlook.com;07 76 66 24 97;27 Passage des Platanes, 69310 Pierre-Bénite;Pierre-Bénite;69310;Propriétaire maison de village;65-75 ans;Création dressing sur mesure;Rénovation intérieure;69;À contacter;Non;;;;
LEAD-132;M.;Christophe;Pichon;christophe.pichon23@gmail.com;06 38 10 12 48;60 Montée de la Liberté, 69400 Arnas;Arnas;69400;Propriétaire villa;45-55 ans;Restauration parquet ancien;Sur mesure / dressing;69;À contacter;Non;;;;
LEAD-254;M.;Pascal;Bonnet;bonnet.pascal@sfr.fr;06 30 33 38 88;107 Allée du Château, 69380 Dommartin;Dommartin;69380;Propriétaire appartement;30-40 ans;Placards encastrés;Restauration / ancien;69;À contacter;Non;;;;
LEAD-060;Mme;Camille;Dufour;camilledufour@wanadoo.fr;06 69 91 42 68;33 Rue Émile Zola, 69280 Sainte-Consorce;Sainte-Consorce;69280;Propriétaire duplex;40-50 ans;Parquet chêne collé;Rénovation intérieure;68;À contacter;Non;;;;
LEAD-067;M.;Arnaud;Hubert;hubert.arnaud@yahoo.fr;06 63 93 22 72;79 Place de Lyon, 69270 Couzon-au-Mont-d'Or;Couzon-au-Mont-d'Or;69270;Propriétaire duplex;55-65 ans;Pose parquet massif;Sur mesure / dressing;68;À contacter;Non;;;;
LEAD-090;M.;Thierry;Moreau;thierry99@gmail.com;06 94 53 89 26;77 Place de l'Église, 69550 Amplepuis;Amplepuis;69550;Propriétaire appartement;40-50 ans;Restauration volets bois;Aménagement rangement;68;À contacter;Non;;;;
LEAD-221;M.;Christian;Petit;christian.petit26@orange.fr;07 28 50 33 20;63 Boulevard des Glycines, 69340 Francheville;Francheville;69340;Propriétaire maison ancienne;30-40 ans;Restauration volets bois;Rénovation intérieure;68;À contacter;Non;;;;
LEAD-236;M.;Jean-Pierre;Leclerc;j.leclerc@laposte.net;07 16 38 68 52;72 Passage Marcel Pagnol, 69350 La Mulatière;La Mulatière;69350;Propriétaire duplex;55-65 ans;Habillage mural bois;Aménagement rangement;68;À contacter;Non;;;;
LEAD-294;M.;Pierre;Mercier;mercier.pierre@free.fr;07 11 39 21 29;2 Route Gambetta, 69300 Caluire-et-Cuire;Caluire-et-Cuire;69300;Propriétaire villa;50-60 ans;Bibliothèque sur mesure;Menuiseries extérieures;68;À contacter;Non;;;;
LEAD-018;Mme;Françoise;Sanchez;f.sanchez@laposte.net;06 11 68 89 82;13 Avenue des Champs, 69160 Tassin-la-Demi-Lune;Tassin-la-Demi-Lune;69160;Propriétaire maison de village;50-60 ans;Aménagement sous pente;Sur mesure / dressing;67;À contacter;Non;;;;
LEAD-073;M.;Bernard;Hubert;bernard99@laposte.net;06 65 67 39 62;44 Route des Tilleuls, 69500 Bron;Bron;69500;Propriétaire duplex;35-45 ans;Meuble de rangement intégré;Parquet & sol bois;67;À contacter;Non;;;;
LEAD-202;Mme;Sandrine;Moreau;moreau.sandrine@orange.fr;06 80 21 53 86;79 Route du Marché, 69400 Limas;Limas;69400;Propriétaire duplex;40-50 ans;Meuble de rangement intégré;Restauration / ancien;67;À contacter;Non;;;;
LEAD-207;Mme;Isabelle;Lucas;isabelle93@hotmail.com;06 25 67 32 31;28 Impasse du Stade, 69250 Montanay;Montanay;69250;Propriétaire villa;35-45 ans;Pose parquet massif;Aménagement rangement;67;À contacter;Non;;;;
LEAD-249;M.;Robert;Richard;robert70@laposte.net;06 22 31 78 78;1 Avenue Gambetta, 69550 Amplepuis;Amplepuis;69550;Propriétaire duplex;45-55 ans;Plan de travail bois massif;Aménagement rangement;67;À contacter;Non;;;;
LEAD-014;Mme;Florence;Roux;florenceroux@orange.fr;06 66 80 22 16;84 Montée de la République, 69430 Régnié-Durette;Régnié-Durette;69430;Propriétaire loft;45-55 ans;Création dressing sur mesure;Sur mesure / dressing;66;À contacter;Non;;;;
LEAD-111;Mme;Charlotte;Bertrand;c.bertrand@hotmail.com;06 69 25 44 67;32 Chemin des Lilas, 69430 Beaujeu;Beaujeu;69430;Propriétaire maison ancienne;60-70 ans;Pose parquet massif;Restauration / ancien;66;À contacter;Non;;;;
LEAD-123;M.;Laurent;Nguyen;laurentnguyen@hotmail.fr;07 51 46 92 17;117 Avenue du Pré, 69290 Grézieu-la-Varenne;Grézieu-la-Varenne;69290;Propriétaire appartement;30-40 ans;Claustra / séparation bois;Sur mesure / dressing;66;À contacter;Non;;;;
LEAD-151;M.;Guillaume;Leclerc;leclerc.guillaume@outlook.com;07 31 27 44 48;35 Route de l'Église, 69260 Charbonnières-les-Bains;Charbonnières-les-Bains;69260;Propriétaire appartement;60-70 ans;Création dressing sur mesure;Parquet & sol bois;66;À contacter;Non;;;;
LEAD-157;Mme;Élisabeth;Leclerc;e.leclerc@outlook.com;07 69 96 85 98;65 Chemin des Pins, 01600 Massieux;Massieux;01600;Propriétaire villa;35-45 ans;Rénovation menuiseries intérieures;Parquet & sol bois;66;À contacter;Non;;;;
LEAD-226;M.;Pierre;Petit;pierre.petit54@gmail.com;06 80 42 70 99;20 Impasse Jean Moulin, 69210 Lentilly;Lentilly;69210;Propriétaire duplex;30-40 ans;Plan de travail bois massif;Parquet & sol bois;66;À contacter;Non;;;;
LEAD-026;M.;Jean-Marc;Rey;jeanmarc.rey@orange.fr;07 89 50 94 25;93 Allée du Panorama, 69380 Lozanne;Lozanne;69380;Propriétaire duplex;60-70 ans;Parquet chêne collé;Parquet & sol bois;65;À contacter;Non;;;;
LEAD-080;M.;Jérôme;Rousseau;jerome.rousseau16@free.fr;07 32 26 58 78;91 Impasse du Panorama, 69550 Amplepuis;Amplepuis;69550;Propriétaire loft;55-65 ans;Restauration parquet ancien;Rénovation intérieure;65;À contacter;Non;;;;
LEAD-114;Mme;Michèle;Leclerc;michele.leclerc@sfr.fr;07 74 67 80 45;106 Passage des Amandiers, 69230 Saint-Genis-Laval;Saint-Genis-Laval;69230;Propriétaire maison;40-50 ans;Tête de lit sur mesure bois;Rénovation intérieure;65;À contacter;Non;;;;
LEAD-144;M.;David;Lopez;david.lopez11@sfr.fr;07 82 41 99 38;39 Avenue du Pré, 69220 Belleville-en-Beaujolais;Belleville-en-Beaujolais;69220;Propriétaire loft;30-40 ans;Banquette sur mesure;Rénovation intérieure;65;À contacter;Non;;;;
LEAD-160;Mme;Delphine;Sanchez;delphine78@laposte.net;07 59 10 37 36;36 Avenue de la Source, 69004 Lyon 4ème;Lyon 4ème;69004;Propriétaire loft;40-50 ans;Placards encastrés;Parquet & sol bois;65;À contacter;Non;;;;
LEAD-189;Mme;Christine;Rey;c.rey@laposte.net;06 21 41 55 60;66 Rue des Amandiers, 69470 Cours;Cours;69470;Propriétaire maison ancienne;40-50 ans;Parquet chêne collé;Rénovation intérieure;65;À contacter;Non;;;;
LEAD-258;M.;Alain;Colin;alain.colin@gmail.com;07 85 37 14 80;34 Montée des Champs, 69100 Villeurbanne;Villeurbanne;69100;Propriétaire duplex;40-50 ans;Habillage mural bois;Parquet & sol bois;65;À contacter;Non;;;;
LEAD-002;M.;Mathieu;Arnaud;m.arnaud@wanadoo.fr;06 30 99 64 53;36 Chemin Gambetta, 69840 Chénas;Chénas;69840;Propriétaire maison ancienne;35-45 ans;Verrière bois;Rénovation intérieure;64;À contacter;Non;;;;
LEAD-088;M.;Julien;Fournier;julienfournier@gmail.com;07 49 93 99 94;51 Chemin Marcel Pagnol, 69480 Anse;Anse;69480;Propriétaire maison;50-60 ans;Étagères murales sur mesure;Restauration / ancien;64;À contacter;Non;;;;
LEAD-150;Mme;Delphine;Joly;delphine.joly@outlook.fr;06 21 55 80 21;77 Passage des Cerisiers, 69270 Fontaines-Saint-Martin;Fontaines-Saint-Martin;69270;Propriétaire maison;50-60 ans;Pose de portes intérieures;Menuiseries extérieures;64;À contacter;Non;;;;
LEAD-173;Mme;Marie;Hubert;mariehubert@gmail.com;07 19 39 59 21;94 Avenue des Lilas, 69400 Limas;Limas;69400;Propriétaire maison ancienne;50-60 ans;Bibliothèque sur mesure;Sur mesure / dressing;64;À contacter;Non;;;;
LEAD-200;M.;Jacques;Lacroix;jacques.lacroix94@laposte.net;06 43 36 41 98;9 Boulevard des Écoles, 69126 Brindas;Brindas;69126;Propriétaire duplex;30-40 ans;Placards encastrés;Rénovation intérieure;64;À contacter;Non;;;;
LEAD-220;M.;Christian;Clément;christian.clement75@wanadoo.fr;06 70 16 91 84;75 Passage Pasteur, 69430 Beaujeu;Beaujeu;69430;Propriétaire appartement;35-45 ans;Habillage mural bois;Aménagement rangement;64;À contacter;Non;;;;
LEAD-271;M.;Bruno;Roux;bruno.roux96@gmail.com;06 22 37 75 61;101 Boulevard Voltaire, 69290 Pollionnay;Pollionnay;69290;Propriétaire duplex;30-40 ans;Tête de lit sur mesure bois;Sur mesure / dressing;64;À contacter;Non;;;;
LEAD-015;M.;Stéphane;Gérard;stephane.gerard49@orange.fr;07 68 46 64 99;94 Montée de la Colline, 69008 Lyon 8ème;Lyon 8ème;69008;Propriétaire villa;40-50 ans;Étagères murales sur mesure;Sur mesure / dressing;63;À contacter;Non;;;;
LEAD-064;Mme;Jacqueline;Fontaine;j.fontaine@hotmail.com;07 47 53 24 69;10 Chemin de la Paix, 69250 Neuville-sur-Saône;Neuville-sur-Saône;69250;Propriétaire duplex;60-70 ans;Plan de travail bois massif;Restauration / ancien;63;À contacter;Non;;;;
LEAD-066;M.;Thomas;Roger;thomas.roger@free.fr;06 15 14 48 73;15 Avenue du Moulin, 69890 La Tour-de-Salvagny;La Tour-de-Salvagny;69890;Propriétaire appartement;60-70 ans;Restauration parquet ancien;Menuiseries extérieures;63;À contacter;Non;;;;
LEAD-139;M.;Fabrice;Henry;f.henry@yahoo.fr;07 43 56 75 73;60 Avenue du 8 Mai 1945, 69840 Juliénas;Juliénas;69840;Propriétaire loft;55-65 ans;Verrière bois;Sur mesure / dressing;63;À contacter;Non;;;;
LEAD-217;Mme;Patricia;Blanchard;blanchard.patricia@wanadoo.fr;07 34 29 76 40;116 Rue Marcel Pagnol, 69620 Sainte-Paule;Sainte-Paule;69620;Propriétaire duplex;55-65 ans;Pose de portes intérieures;Aménagement rangement;63;À contacter;Non;;;;
LEAD-291;Mme;Christelle;Dumont;dumont.christelle@hotmail.fr;07 71 48 11 65;103 Allée Marcel Pagnol, 69240 Thizy-les-Bourgs;Thizy-les-Bourgs;69240;Propriétaire loft;30-40 ans;Porte d'entrée bois sur mesure;Restauration / ancien;63;À contacter;Non;;;;
LEAD-076;Mme;Monique;Denis;denis.monique@laposte.net;06 87 94 98 44;4 Chemin de Lyon, 69270 Fontaines-Saint-Martin;Fontaines-Saint-Martin;69270;Propriétaire loft;50-60 ans;Étagères murales sur mesure;Parquet & sol bois;62;À contacter;Non;;;;
LEAD-167;Mme;Martine;Bonnet;m.bonnet@outlook.com;06 51 47 47 83;35 Montée des Amandiers, 69008 Lyon 8ème;Lyon 8ème;69008;Propriétaire appartement;60-70 ans;Placards encastrés;Rénovation intérieure;62;À contacter;Non;;;;
LEAD-218;M.;Alexandre;Meyer;alexandre.meyer54@wanadoo.fr;06 84 83 34 53;93 Impasse des Amandiers, 69550 Amplepuis;Amplepuis;69550;Propriétaire duplex;65-75 ans;Restauration parquet ancien;Aménagement rangement;62;À contacter;Non;;;;
LEAD-230;Mme;Isabelle;Bernard;i.bernard@laposte.net;07 89 44 21 57;105 Boulevard des Vignes, 69130 Écully;Écully;69130;Propriétaire villa;60-70 ans;Placards encastrés;Menuiseries extérieures;62;À contacter;Non;;;;
LEAD-278;M.;Didier;Morin;didiermorin@orange.fr;06 73 35 40 40;112 Allée Gambetta, 69400 Gleizé;Gleizé;69400;Propriétaire appartement;45-55 ans;Porte d'entrée bois sur mesure;Restauration / ancien;62;À contacter;Non;;;;
LEAD-298;Mme;Isabelle;Collet;isabellecollet@hotmail.fr;07 21 41 30 73;12 Passage du Beaujolais, 69210 Lentilly;Lentilly;69210;Propriétaire duplex;30-40 ans;Verrière bois;Rénovation intérieure;62;À contacter;Non;;;;
LEAD-097;M.;Thomas;Masson;t.masson@wanadoo.fr;06 54 40 94 90;14 Passage du Beaujolais, 69430 Beaujeu;Beaujeu;69430;Propriétaire maison;55-65 ans;Remplacement fenêtres bois;Restauration / ancien;61;À contacter;Non;;;;
LEAD-116;Mme;Mélanie;Morin;m.morin@sfr.fr;07 74 75 78 72;91 Passage de la Fontaine, 69290 Craponne;Craponne;69290;Propriétaire loft;30-40 ans;Habillage mural bois;Parquet & sol bois;61;À contacter;Non;;;;
LEAD-152;Mme;Catherine;Fontaine;catherine.fontaine93@wanadoo.fr;06 68 23 27 48;1 Place du Beaujolais, 69280 Marcy-l'Étoile;Marcy-l'Étoile;69280;Propriétaire villa;55-65 ans;Tête de lit sur mesure bois;Menuiseries extérieures;61;À contacter;Non;;;;
LEAD-156;M.;Thomas;Simon;t.simon@wanadoo.fr;06 92 88 15 82;83 Place du Beaujolais, 69300 Caluire-et-Cuire;Caluire-et-Cuire;69300;Propriétaire maison;30-40 ans;Meuble de rangement intégré;Rénovation intérieure;61;À contacter;Non;;;;
LEAD-196;Mme;Brigitte;Meyer;brigitte.meyer@free.fr;06 17 39 87 38;3 Montée du 8 Mai 1945, 69270 Couzon-au-Mont-d'Or;Couzon-au-Mont-d'Or;69270;Propriétaire maison ancienne;45-55 ans;Rénovation menuiseries intérieures;Sur mesure / dressing;61;À contacter;Non;;;;
LEAD-215;M.;Fabrice;Rey;fabricerey@hotmail.fr;06 38 42 87 49;92 Allée de la Liberté, 69002 Lyon 2ème;Lyon 2ème;69002;Propriétaire loft;55-65 ans;Pose de portes intérieures;Menuiseries extérieures;61;À contacter;Non;;;;
LEAD-245;Mme;Sophie;Rey;sophie97@orange.fr;06 58 15 64 45;72 Allée du Stade, 69100 Villeurbanne;Villeurbanne;69100;Propriétaire maison de village;50-60 ans;Restauration volets bois;Rénovation intérieure;61;À contacter;Non;;;;
LEAD-077;Mme;Véronique;Renard;renard.veronique@sfr.fr;06 21 77 37 58;54 Route du Beaujolais, 69290 Pollionnay;Pollionnay;69290;Propriétaire maison ancienne;50-60 ans;Restauration volets bois;Aménagement rangement;60;À contacter;Non;;;;
LEAD-109;M.;Pierre;Simon;p.simon@laposte.net;06 83 63 89 91;4 Route des Glycines, 69006 Lyon 6ème;Lyon 6ème;69006;Propriétaire maison ancienne;50-60 ans;Restauration parquet ancien;Menuiseries extérieures;60;À contacter;Non;;;;
LEAD-135;M.;Sébastien;Perrot;sebastien.perrot@yahoo.fr;06 90 96 64 81;64 Rue des Pins, 69370 Saint-Didier-au-Mont-d'Or;Saint-Didier-au-Mont-d'Or;69370;Propriétaire duplex;60-70 ans;Banquette sur mesure;Restauration / ancien;60;À contacter;Non;;;;
LEAD-171;M.;Serge;Dubois;serge.dubois@orange.fr;07 35 98 26 93;39 Chemin de Lyon, 69600 Oullins;Oullins;69600;Propriétaire duplex;55-65 ans;Création dressing sur mesure;Parquet & sol bois;60;À contacter;Non;;;;
LEAD-234;M.;Jean-Pierre;Roche;jeanpierre.roche10@orange.fr;07 40 52 45 16;65 Impasse Voltaire, 69620 Ternand;Ternand;69620;Propriétaire villa;60-70 ans;Banquette sur mesure;Sur mesure / dressing;60;À contacter;Non;;;;
LEAD-255;M.;Alain;Roussel;alainroussel@gmail.com;07 52 55 26 95;84 Impasse des Lilas, 69126 Brindas;Brindas;69126;Propriétaire maison de village;35-45 ans;Parquet chêne collé;Sur mesure / dressing;60;À contacter;Non;;;;
LEAD-023;M.;Christian;Thomas;thomas.christian@free.fr;06 44 30 99 23;49 Rue du 8 Mai 1945, 69330 Meyzieu;Meyzieu;69330;Propriétaire appartement;65-75 ans;Porte d'entrée bois sur mesure;Parquet & sol bois;59;À contacter;Non;;;;
LEAD-028;M.;Serge;Duval;duval.serge@orange.fr;06 94 20 46 75;85 Passage du Beaujolais, 69460 Saint-Étienne-des-Oullières;Saint-Étienne-des-Oullières;69460;Propriétaire loft;45-55 ans;Création dressing sur mesure;Aménagement rangement;59;À contacter;Non;;;;
LEAD-042;Mme;Charlotte;Fabre;c.fabre@free.fr;07 80 77 54 64;96 Montée du Beaujolais, 69260 Charbonnières-les-Bains;Charbonnières-les-Bains;69260;Propriétaire duplex;65-75 ans;Aménagement combles;Parquet & sol bois;59;À contacter;Non;;;;
LEAD-134;Mme;Florence;Legrand;florence.legrand@orange.fr;06 74 47 39 83;41 Passage Marcel Pagnol, 69270 Couzon-au-Mont-d'Or;Couzon-au-Mont-d'Or;69270;Propriétaire duplex;55-65 ans;Verrière bois;Sur mesure / dressing;59;À contacter;Non;;;;
LEAD-154;M.;François;Garcia;francoisgarcia@orange.fr;06 69 36 66 47;107 Avenue de Verdun, 69730 Genay;Genay;69730;Propriétaire villa;40-50 ans;Plan de travail bois massif;Aménagement rangement;59;À contacter;Non;;;;
LEAD-206;Mme;Sandrine;Simon;sandrine76@sfr.fr;06 80 17 59 76;54 Montée des Amandiers, 69126 Brindas;Brindas;69126;Propriétaire maison de village;45-55 ans;Habillage mural bois;Menuiseries extérieures;59;À contacter;Non;;;;
LEAD-216;Mme;Corinne;Marchand;corinne.marchand@laposte.net;06 75 94 57 81;83 Passage Marcel Pagnol, 69620 Saint-Vérand;Saint-Vérand;69620;Propriétaire maison ancienne;35-45 ans;Parquet chêne collé;Menuiseries extérieures;59;À contacter;Non;;;;
LEAD-287;M.;François;Rivière;francoisriviere@yahoo.fr;06 26 40 94 42;96 Avenue Gambetta, 69620 Saint-Vérand;Saint-Vérand;69620;Propriétaire villa;35-45 ans;Restauration volets bois;Rénovation intérieure;59;À contacter;Non;;;;
LEAD-009;M.;Pascal;Blanchard;p.blanchard@laposte.net;06 79 77 10 86;42 Route du Marché, 69620 Chamelet;Chamelet;69620;Propriétaire maison ancienne;50-60 ans;Placards encastrés;Sur mesure / dressing;58;À contacter;Non;;;;
LEAD-043;Mme;Stéphanie;Schmitt;stephanie97@free.fr;06 34 37 71 45;93 Passage de la Côte, 69230 Saint-Genis-Laval;Saint-Genis-Laval;69230;Propriétaire maison ancienne;35-45 ans;Tête de lit sur mesure bois;Sur mesure / dressing;58;À contacter;Non;;;;
LEAD-061;M.;Antoine;Nicolas;antoine.nicolas89@yahoo.fr;07 35 59 71 23;31 Place de la Source, 69510 Thurins;Thurins;69510;Propriétaire maison de village;50-60 ans;Aménagement combles;Aménagement rangement;58;À contacter;Non;;;;
LEAD-103;M.;Bruno;Morin;bruno.morin@wanadoo.fr;06 73 76 59 81;16 Allée des Écoles, 69290 Grézieu-la-Varenne;Grézieu-la-Varenne;69290;Propriétaire villa;45-55 ans;Étagères murales sur mesure;Restauration / ancien;58;À contacter;Non;;;;
LEAD-164;M.;Robert;Nguyen;robert.nguyen54@hotmail.fr;07 31 20 82 13;102 Impasse du Commerce, 69280 Sainte-Consorce;Sainte-Consorce;69280;Propriétaire maison ancienne;45-55 ans;Pose parquet massif;Restauration / ancien;58;À contacter;Non;;;;
LEAD-212;M.;François;Durand;durand.francois@orange.fr;07 27 77 82 13;23 Impasse du Château, 69620 Létra;Létra;69620;Propriétaire appartement;30-40 ans;Pose parquet massif;Menuiseries extérieures;58;À contacter;Non;;;;
LEAD-283;Mme;Marine;Meyer;meyer.marine@laposte.net;07 72 48 42 81;110 Passage Jean Jaurès, 69130 Écully;Écully;69130;Propriétaire maison;40-50 ans;Pose de portes intérieures;Rénovation intérieure;58;À contacter;Non;;;;
LEAD-040;Mme;Valérie;Muller;valerie79@wanadoo.fr;07 53 13 73 51;24 Route Gambetta, 69460 Salles-Arbuissonnas;Salles-Arbuissonnas;69460;Propriétaire loft;50-60 ans;Aménagement combles;Parquet & sol bois;57;À contacter;Non;;;;
LEAD-052;Mme;Céline;Garcia;celine92@hotmail.com;07 62 16 34 76;47 Passage des Platanes, 69910 Morgon;Morgon;69910;Propriétaire villa;30-40 ans;Banquette sur mesure;Sur mesure / dressing;57;À contacter;Non;;;;
LEAD-054;M.;Thierry;Meyer;t.meyer@free.fr;07 71 70 41 68;71 Chemin du Lavoir, 69380 Civrieux-d'Azergues;Civrieux-d'Azergues;69380;Propriétaire maison de village;40-50 ans;Aménagement sous pente;Rénovation intérieure;57;À contacter;Non;;;;
LEAD-056;M.;Yves;Gautier;yves65@orange.fr;07 39 62 15 50;96 Route du Lavoir, 69620 Sainte-Paule;Sainte-Paule;69620;Propriétaire duplex;40-50 ans;Pose de portes intérieures;Menuiseries extérieures;57;À contacter;Non;;;;
LEAD-063;M.;Sébastien;Rey;rey.sebastien@laposte.net;06 49 66 14 84;47 Chemin de la Gare, 69130 Écully;Écully;69130;Propriétaire maison ancienne;60-70 ans;Parquet chêne collé;Sur mesure / dressing;57;À contacter;Non;;;;
LEAD-187;M.;Bruno;Moreau;moreau.bruno@outlook.com;06 40 47 43 50;119 Place Jean Moulin, 01600 Trévoux;Trévoux;01600;Propriétaire maison ancienne;55-65 ans;Porte coulissante sur mesure;Menuiseries extérieures;57;À contacter;Non;;;;
LEAD-049;M.;Paul;Henry;p.henry@gmail.com;07 44 74 79 73;57 Avenue Marcel Pagnol, 69460 Saint-Étienne-des-Oullières;Saint-Étienne-des-Oullières;69460;Propriétaire villa;55-65 ans;Pose parquet massif;Restauration / ancien;56;À contacter;Non;;;;
LEAD-261;M.;Michel;Richard;michel95@free.fr;07 43 84 79 82;23 Place du Pré, 69290 Grézieu-la-Varenne;Grézieu-la-Varenne;69290;Propriétaire maison ancienne;35-45 ans;Pose de portes intérieures;Restauration / ancien;56;À contacter;Non;;;;
LEAD-138;M.;Antoine;Schmitt;antoineschmitt@outlook.fr;07 48 11 37 34;95 Avenue du 8 Mai 1945, 69126 Brindas;Brindas;69126;Propriétaire duplex;45-55 ans;Porte d'entrée bois sur mesure;Menuiseries extérieures;55;À contacter;Non;;;;
LEAD-146;M.;Michel;Moreau;moreau.michel@wanadoo.fr;06 32 50 12 36;76 Chemin des Tilleuls, 69280 Sainte-Consorce;Sainte-Consorce;69280;Propriétaire maison ancienne;40-50 ans;Création dressing sur mesure;Restauration / ancien;55;À contacter;Non;;;;
LEAD-194;M.;Yves;Guérin;yvesguerin@gmail.com;06 45 17 70 77;46 Passage de la Paix, 69140 Rillieux-la-Pape;Rillieux-la-Pape;69140;Propriétaire maison;45-55 ans;Restauration volets bois;Aménagement rangement;55;À contacter;Non;;;;
LEAD-006;M.;Gérard;François;gerard.francois51@hotmail.fr;06 43 27 41 81;69 Allée des Noyers, 69290 Grézieu-la-Varenne;Grézieu-la-Varenne;69290;Propriétaire maison de village;60-70 ans;Meuble de rangement intégré;Parquet & sol bois;54;À contacter;Non;;;;
LEAD-011;M.;Éric;Baron;e.baron@sfr.fr;07 76 67 25 41;29 Avenue du Beaujolais, 69870 Lamure-sur-Azergues;Lamure-sur-Azergues;69870;Propriétaire maison de village;45-55 ans;Rénovation menuiseries intérieures;Restauration / ancien;54;À contacter;Non;;;;
LEAD-033;Mme;Martine;Boyer;martine51@outlook.com;07 71 10 55 48;97 Place de Verdun, 69820 Fleurie;Fleurie;69820;Propriétaire duplex;45-55 ans;Restauration parquet ancien;Menuiseries extérieures;54;À contacter;Non;;;;
LEAD-065;Mme;Charlotte;Bernard;c.bernard@outlook.fr;07 84 58 91 57;14 Impasse du 8 Mai 1945, 69400 Villefranche-sur-Saône;Villefranche-sur-Saône;69400;Propriétaire maison de village;55-65 ans;Rénovation menuiseries intérieures;Restauration / ancien;54;À contacter;Non;;;;
LEAD-089;M.;Daniel;Bertrand;bertrand.daniel@hotmail.com;07 75 56 12 56;40 Chemin Gambetta, 69126 Brindas;Brindas;69126;Propriétaire loft;65-75 ans;Bibliothèque sur mesure;Sur mesure / dressing;54;À contacter;Non;;;;
LEAD-279;Mme;Sandrine;David;sandrine50@hotmail.fr;06 71 57 89 50;64 Passage de Lyon, 69200 Vénissieux;Vénissieux;69200;Propriétaire appartement;50-60 ans;Habillage mural bois;Menuiseries extérieures;54;À contacter;Non;;;;
LEAD-078;M.;Paul;Picard;paul60@gmail.com;06 96 20 44 66;85 Place des Platanes, 69200 Vénissieux;Vénissieux;69200;Propriétaire villa;60-70 ans;Tête de lit sur mesure bois;Parquet & sol bois;53;À contacter;Non;;;;
LEAD-079;M.;Patrick;Dumont;dumont.patrick@gmail.com;07 77 95 49 15;29 Place Marcel Pagnol, 69460 Odenas;Odenas;69460;Propriétaire maison;45-55 ans;Pose parquet massif;Parquet & sol bois;53;À contacter;Non;;;;
LEAD-102;M.;Michel;Bertrand;m.bertrand@wanadoo.fr;07 82 14 87 29;87 Route Saint-Antoine, 69009 Lyon 9ème;Lyon 9ème;69009;Propriétaire villa;35-45 ans;Aménagement combles;Restauration / ancien;53;À contacter;Non;;;;
LEAD-112;Mme;Christine;Mathieu;christinemathieu@free.fr;07 75 69 73 49;64 Rue de la Gare, 69250 Montanay;Montanay;69250;Propriétaire maison de village;65-75 ans;Pose de portes intérieures;Sur mesure / dressing;53;À contacter;Non;;;;
LEAD-197;M.;Gérard;Durand;gerarddurand@orange.fr;06 77 56 19 57;91 Place des Noyers, 69003 Lyon 3ème;Lyon 3ème;69003;Propriétaire maison ancienne;50-60 ans;Placards encastrés;Parquet & sol bois;53;À contacter;Non;;;;
LEAD-240;M.;Franck;Sanchez;francksanchez@free.fr;07 87 99 75 48;108 Montée des Cerisiers, 69400 Limas;Limas;69400;Propriétaire duplex;45-55 ans;Étagères murales sur mesure;Sur mesure / dressing;53;À contacter;Non;;;;
LEAD-001;M.;Pierre;Muller;pierre.muller@wanadoo.fr;06 85 64 14 13;12 Impasse de la Paix, 69260 Charbonnières-les-Bains;Charbonnières-les-Bains;69260;Propriétaire maison de village;30-40 ans;Terrasse bois;Restauration / ancien;52;À contacter;Non;;;;
LEAD-013;Mme;Sandrine;Lefebvre;sandrine.lefebvre46@yahoo.fr;07 16 96 93 92;13 Rue des Tilleuls, 69290 Pollionnay;Pollionnay;69290;Propriétaire maison ancienne;35-45 ans;Porte coulissante sur mesure;Sur mesure / dressing;52;À contacter;Non;;;;
LEAD-037;Mme;Julie;Girard;julie.girard@laposte.net;06 49 23 84 13;119 Allée de la Source, 69530 Brignais;Brignais;69530;Propriétaire villa;60-70 ans;Plan de travail bois massif;Aménagement rangement;52;À contacter;Non;;;;
LEAD-107;M.;Fabrice;Bertrand;fabrice57@hotmail.com;06 48 31 30 51;120 Impasse des Pins, 69460 Odenas;Odenas;69460;Propriétaire maison ancienne;35-45 ans;Terrasse bois;Parquet & sol bois;52;À contacter;Non;;;;
LEAD-137;Mme;Nicole;Rousseau;nicole.rousseau83@free.fr;07 21 78 34 16;35 Place des Amandiers, 69350 La Mulatière;La Mulatière;69350;Propriétaire maison de village;30-40 ans;Tête de lit sur mesure bois;Rénovation intérieure;52;À contacter;Non;;;;
LEAD-143;Mme;Jacqueline;Giraud;giraud.jacqueline@gmail.com;07 78 46 12 74;105 Place des Vignes, 71570 Saint-Amour-Bellevue;Saint-Amour-Bellevue;71570;Propriétaire maison;40-50 ans;Placards encastrés;Sur mesure / dressing;52;À contacter;Non;;;;
LEAD-180;M.;Frédéric;David;fredericdavid@orange.fr;07 54 76 76 43;22 Boulevard du Stade, 69002 Lyon 2ème;Lyon 2ème;69002;Propriétaire loft;50-60 ans;Porte coulissante sur mesure;Aménagement rangement;52;À contacter;Non;;;;
LEAD-222;Mme;Christine;Gaillard;christine.gaillard@hotmail.fr;06 88 65 91 64;52 Place du 8 Mai 1945, 69290 Craponne;Craponne;69290;Propriétaire maison;30-40 ans;Pose de portes intérieures;Restauration / ancien;52;À contacter;Non;;;;
LEAD-244;M.;Vincent;Morin;v.morin@gmail.com;06 89 66 38 91;91 Boulevard des Noyers, 69250 Albigny-sur-Saône;Albigny-sur-Saône;69250;Propriétaire duplex;45-55 ans;Restauration parquet ancien;Aménagement rangement;52;À contacter;Non;;;;
LEAD-268;Mme;Élisabeth;Denis;e.denis@hotmail.fr;06 64 27 42 71;99 Impasse de la Gare, 69570 Dardilly;Dardilly;69570;Propriétaire maison de village;60-70 ans;Parquet chêne collé;Parquet & sol bois;52;À contacter;Non;;;;
LEAD-059;M.;Bernard;Duval;b.duval@free.fr;06 47 55 57 65;19 Impasse de la Côte, 69150 Décines-Charpieu;Décines-Charpieu;69150;Propriétaire maison de village;40-50 ans;Meuble de rangement intégré;Sur mesure / dressing;51;À contacter;Non;;;;
LEAD-121;Mme;Véronique;Roussel;v.roussel@free.fr;07 93 42 71 37;26 Montée de Lyon, 69006 Lyon 6ème;Lyon 6ème;69006;Propriétaire duplex;50-60 ans;Restauration parquet ancien;Sur mesure / dressing;51;À contacter;Non;;;;
LEAD-159;Mme;Stéphanie;Dubois;stephaniedubois@laposte.net;06 76 32 80 30;43 Montée de la Liberté, 69400 Limas;Limas;69400;Propriétaire appartement;60-70 ans;Rénovation cuisine bois;Aménagement rangement;51;À contacter;Non;;;;
LEAD-225;M.;Stéphane;Colin;stephane.colin@outlook.com;07 93 14 58 91;33 Montée Antoine de Saint-Exupéry, 69003 Lyon 3ème;Lyon 3ème;69003;Propriétaire maison de village;30-40 ans;Pose parquet massif;Aménagement rangement;51;À contacter;Non;;;;
LEAD-262;Mme;Monique;Perrot;monique.perrot45@sfr.fr;06 74 27 66 31;30 Avenue du Panorama, 69910 Morgon;Morgon;69910;Propriétaire maison ancienne;45-55 ans;Banquette sur mesure;Sur mesure / dressing;51;À contacter;Non;;;;
LEAD-246;M.;Thierry;Richard;richard.thierry@free.fr;07 72 83 80 55;10 Boulevard de la Côte, 69340 Francheville;Francheville;69340;Propriétaire appartement;35-45 ans;Porte d'entrée bois sur mesure;Restauration / ancien;50;À contacter;Non;;;;
LEAD-259;Mme;Béatrice;Colin;beatrice82@orange.fr;06 60 56 74 11;85 Impasse Antoine de Saint-Exupéry, 69550 Amplepuis;Amplepuis;69550;Propriétaire appartement;40-50 ans;Plan de travail bois massif;Menuiseries extérieures;50;À contacter;Non;;;;
LEAD-149;M.;Nicolas;Baron;nicolas.baron35@gmail.com;06 59 50 56 23;12 Rue de la Fontaine, 69100 Villeurbanne;Villeurbanne;69100;Propriétaire maison ancienne;50-60 ans;Rénovation cuisine bois;Rénovation intérieure;48;À contacter;Non;;;;
LEAD-186;Mme;Martine;Brunet;martinebrunet@yahoo.fr;07 21 15 39 76;53 Boulevard Émile Zola, 69760 Limonest;Limonest;69760;Propriétaire maison;35-45 ans;Porte coulissante sur mesure;Restauration / ancien;48;À contacter;Non;;;;
LEAD-019;M.;Nicolas;Chevalier;chevalier.nicolas@orange.fr;07 88 93 77 11;86 Montée de la Fontaine, 69240 Thizy-les-Bourgs;Thizy-les-Bourgs;69240;Propriétaire maison;40-50 ans;Plan de travail bois massif;Parquet & sol bois;47;À contacter;Non;;;;
LEAD-045;Mme;Sophie;Petit;sophie.petit15@hotmail.fr;07 19 83 90 97;7 Chemin de l'Église, 69280 Marcy-l'Étoile;Marcy-l'Étoile;69280;Propriétaire maison ancienne;35-45 ans;Claustra / séparation bois;Sur mesure / dressing;47;À contacter;Non;;;;
LEAD-053;M.;Marc;Duval;duval.marc@hotmail.fr;06 30 49 80 11;71 Place de la Gare, 69890 La Tour-de-Salvagny;La Tour-de-Salvagny;69890;Propriétaire loft;35-45 ans;Porte d'entrée bois sur mesure;Menuiseries extérieures;47;À contacter;Non;;;;
LEAD-069;Mme;Christelle;Renard;christellerenard@gmail.com;06 39 52 28 86;1 Allée de l'Église, 69350 La Mulatière;La Mulatière;69350;Propriétaire maison de village;50-60 ans;Remplacement fenêtres bois;Sur mesure / dressing;47;À contacter;Non;;;;
LEAD-074;Mme;Françoise;Chevalier;francoise.chevalier@hotmail.fr;06 65 22 57 26;72 Rue des Noyers, 69340 Francheville;Francheville;69340;Propriétaire maison de village;55-65 ans;Restauration parquet ancien;Aménagement rangement;47;À contacter;Non;;;;
LEAD-108;M.;Jean-Luc;Muller;jeanluc89@laposte.net;06 74 92 31 85;75 Chemin de la Mairie, 69160 Tassin-la-Demi-Lune;Tassin-la-Demi-Lune;69160;Propriétaire maison de village;55-65 ans;Plan de travail bois massif;Restauration / ancien;47;À contacter;Non;;;;
LEAD-128;Mme;Claire;Chevalier;claire98@outlook.fr;06 41 97 86 20;68 Route de la Côte, 69840 Chénas;Chénas;69840;Propriétaire maison ancienne;35-45 ans;Étagères murales sur mesure;Restauration / ancien;47;À contacter;Non;;;;
LEAD-237;Mme;Monique;Martin;monique68@sfr.fr;07 99 23 15 31;64 Chemin de Verdun, 69400 Limas;Limas;69400;Propriétaire maison ancienne;45-55 ans;Placards encastrés;Sur mesure / dressing;47;À contacter;Non;;;;
LEAD-008;M.;Jean;Rey;j.rey@gmail.com;07 24 47 65 30;59 Rue des Écoles, 69380 Lozanne;Lozanne;69380;Propriétaire loft;40-50 ans;Terrasse bois;Restauration / ancien;46;À contacter;Non;;;;
LEAD-170;M.;Stéphane;Denis;s.denis@hotmail.fr;07 80 83 26 82;110 Route du Beaujolais, 69410 Champagne-au-Mont-d'Or;Champagne-au-Mont-d'Or;69410;Propriétaire loft;30-40 ans;Plan de travail bois massif;Rénovation intérieure;46;À contacter;Non;;;;
LEAD-191;Mme;Catherine;Dubois;catherinedubois@orange.fr;06 52 25 15 69;7 Chemin de la Source, 69009 Lyon 9ème;Lyon 9ème;69009;Propriétaire loft;60-70 ans;Meuble de rangement intégré;Menuiseries extérieures;46;À contacter;Non;;;;
LEAD-266;M.;Serge;Picard;serge.picard30@gmail.com;06 23 12 35 76;111 Montée des Amandiers, 01600 Trévoux;Trévoux;01600;Propriétaire loft;40-50 ans;Meuble de rangement intégré;Restauration / ancien;46;À contacter;Non;;;;
LEAD-041;M.;Mathieu;Muller;mathieu.muller@gmail.com;06 62 72 81 40;89 Route du Pré, 69270 Fontaines-Saint-Martin;Fontaines-Saint-Martin;69270;Propriétaire villa;65-75 ans;Étagères murales sur mesure;Rénovation intérieure;45;À contacter;Non;;;;
LEAD-051;M.;Jacques;Roche;roche.jacques@yahoo.fr;06 30 52 62 98;64 Allée de la Colline, 69400 Arnas;Arnas;69400;Propriétaire loft;30-40 ans;Pose de portes intérieures;Menuiseries extérieures;45;À contacter;Non;;;;
LEAD-057;Mme;Béatrice;Clément;beatrice.clement13@yahoo.fr;06 28 62 93 29;10 Route des Écoles, 69120 Vaulx-en-Velin;Vaulx-en-Velin;69120;Propriétaire maison de village;60-70 ans;Bibliothèque sur mesure;Aménagement rangement;45;À contacter;Non;;;;
LEAD-092;Mme;Camille;Lucas;camille62@yahoo.fr;06 42 16 92 71;112 Boulevard Voltaire, 69250 Neuville-sur-Saône;Neuville-sur-Saône;69250;Propriétaire duplex;35-45 ans;Placards encastrés;Parquet & sol bois;45;À contacter;Non;;;;
LEAD-105;M.;Mathieu;Blanchard;mathieu.blanchard@sfr.fr;06 27 40 73 13;47 Montée de la Source, 69330 Meyzieu;Meyzieu;69330;Propriétaire villa;40-50 ans;Aménagement combles;Restauration / ancien;45;À contacter;Non;;;;
LEAD-016;Mme;Sylvie;Collet;s.collet@outlook.fr;06 16 84 71 74;118 Montée de la Mairie, 69380 Dommartin;Dommartin;69380;Propriétaire maison de village;35-45 ans;Pose parquet massif;Sur mesure / dressing;44;À contacter;Non;;;;
LEAD-031;M.;Jean-Pierre;Denis;jeanpierre.denis21@yahoo.fr;07 43 41 91 45;99 Montée des Platanes, 69250 Albigny-sur-Saône;Albigny-sur-Saône;69250;Propriétaire appartement;50-60 ans;Banquette sur mesure;Menuiseries extérieures;44;À contacter;Non;;;;
LEAD-158;M.;Jacques;Garcia;j.garcia@orange.fr;07 36 76 71 54;61 Avenue des Acacias, 69380 Châtillon;Châtillon;69380;Propriétaire duplex;65-75 ans;Porte coulissante sur mesure;Parquet & sol bois;44;À contacter;Non;;;;
LEAD-223;M.;Jean;Mathieu;jean.mathieu@orange.fr;06 38 98 54 49;17 Avenue du Lavoir, 69250 Neuville-sur-Saône;Neuville-sur-Saône;69250;Propriétaire maison de village;50-60 ans;Terrasse bois;Sur mesure / dressing;44;À contacter;Non;;;;
LEAD-250;M.;Stéphane;Barbier;barbier.stephane@yahoo.fr;06 13 68 52 14;12 Avenue Jean Jaurès, 69890 La Tour-de-Salvagny;La Tour-de-Salvagny;69890;Propriétaire loft;50-60 ans;Restauration volets bois;Restauration / ancien;44;À contacter;Non;;;;
LEAD-084;M.;Serge;Renard;renard.serge@yahoo.fr;07 90 50 29 66;9 Route des Acacias, 01600 Massieux;Massieux;01600;Propriétaire maison ancienne;50-60 ans;Banquette sur mesure;Restauration / ancien;43;À contacter;Non;;;;
LEAD-203;Mme;Sandrine;Clément;sandrine94@orange.fr;07 94 46 48 40;13 Rue des Tilleuls, 69350 La Mulatière;La Mulatière;69350;Propriétaire maison de village;65-75 ans;Claustra / séparation bois;Sur mesure / dressing;43;À contacter;Non;;;;
LEAD-205;M.;David;Laurent;d.laurent@outlook.fr;07 57 33 67 15;34 Route Émile Zola, 69510 Yzeron;Yzeron;69510;Propriétaire appartement;50-60 ans;Rénovation escalier bois;Restauration / ancien;43;À contacter;Non;;;;
LEAD-293;M.;Franck;Nguyen;f.nguyen@gmail.com;06 91 68 89 67;35 Passage des Platanes, 69230 Saint-Genis-Laval;Saint-Genis-Laval;69230;Propriétaire maison ancienne;30-40 ans;Aménagement sous pente;Sur mesure / dressing;43;À contacter;Non;;;;
LEAD-020;M.;Arnaud;Giraud;arnaudgiraud@wanadoo.fr;07 36 97 91 43;65 Route des Écoles, 69340 Francheville;Francheville;69340;Propriétaire maison;60-70 ans;Pose parquet massif;Parquet & sol bois;42;À contacter;Non;;;;
LEAD-113;M.;Philippe;Petit;petit.philippe@hotmail.fr;07 46 78 11 23;56 Chemin des Écoles, 69240 Thizy-les-Bourgs;Thizy-les-Bourgs;69240;Propriétaire maison ancienne;60-70 ans;Porte coulissante sur mesure;Parquet & sol bois;42;À contacter;Non;;;;
LEAD-183;M.;Arnaud;Pichon;arnaud.pichon42@wanadoo.fr;07 44 19 83 57;16 Montée des Amandiers, 69840 Chénas;Chénas;69840;Propriétaire appartement;45-55 ans;Pose parquet massif;Restauration / ancien;42;À contacter;Non;;;;
LEAD-175;Mme;Martine;Laurent;martine57@orange.fr;07 54 64 50 27;32 Allée du Pré, 69120 Vaulx-en-Velin;Vaulx-en-Velin;69120;Propriétaire appartement;50-60 ans;Création dressing sur mesure;Aménagement rangement;41;À contacter;Non;;;;
LEAD-201;Mme;Marine;Girard;marine72@hotmail.fr;07 22 71 83 93;98 Impasse de la Mairie, 71570 Saint-Amour-Bellevue;Saint-Amour-Bellevue;71570;Propriétaire maison;30-40 ans;Rénovation cuisine bois;Parquet & sol bois;41;À contacter;Non;;;;
LEAD-214;Mme;Christine;Blanc;christine.blanc37@gmail.com;06 30 83 37 38;83 Impasse des Amandiers, 69210 Lentilly;Lentilly;69210;Propriétaire maison ancienne;60-70 ans;Aménagement sous pente;Restauration / ancien;41;À contacter;Non;;;;
LEAD-176;M.;Sébastien;Nicolas;sebastiennicolas@hotmail.com;07 47 92 16 40;64 Place des Roses, 69350 La Mulatière;La Mulatière;69350;Propriétaire villa;35-45 ans;Porte d'entrée bois sur mesure;Restauration / ancien;40;À contacter;Non;;;;
LEAD-198;M.;Guillaume;Lemaire;guillaumelemaire@hotmail.fr;07 38 95 85 32;49 Allée Jean Moulin, 69510 Thurins;Thurins;69510;Propriétaire appartement;40-50 ans;Parquet chêne collé;Aménagement rangement;40;À contacter;Non;;;;
LEAD-238;M.;Bruno;François;bruno.francois@orange.fr;07 15 91 96 85;16 Route Émile Zola, 69460 Vaux-en-Beaujolais;Vaux-en-Beaujolais;69460;Propriétaire maison de village;40-50 ans;Plan de travail bois massif;Menuiseries extérieures;40;À contacter;Non;;;;
LEAD-290;M.;Paul;Lemaire;p.lemaire@laposte.net;07 71 79 39 21;57 Allée Saint-Antoine, 69250 Neuville-sur-Saône;Neuville-sur-Saône;69250;Propriétaire maison ancienne;40-50 ans;Meuble de rangement intégré;Parquet & sol bois;40;À contacter;Non;;;;
